[
    {
        "question": "1. 根据健康中国战略，推进健康中国建设主要遵循的原则不包括（）。",
        "option": {
            "A": "健康优先",
            "B": "改⾰创新",
            "C": "科学发展",
            "D": "公开透明",
            "E": ""
        },
        "analysis": "推进健康中国建设，主要遵循以下原则：①健康优先。②改⾰创新。③科学发展。④公平公正。因此答案选D。",
        "answer": "D",
        "question_type": "最佳选择题",
        "source": "2021年执业药师职业资格考试《药事管理与法规》"
    },
    {
        "question": "2. 根据《基本医疗保险⽤药管理暂⾏办法》和《2020年国家医保药品⽬录调整⼯作⽅案》，关于医保药品⽬录制定与调整的说法，正确的是（）。",
        "option": {
            "A": "医保⽬录调⼊分为常规准⼊和谈判准⼊两种⽅式，价格较⾼或者对医疗保险基⾦影响较⼤的专利独家药品应当通过谈判⽅式准⼊",
            "B": "统筹地区医疗保障主管部门建⽴完善医保药品⽬录动态调整机制，原则上每年调整⼀次",
            "C": "拟纳⼊《基本医疗保险药品⽬录》的化学药，可以由药品上市许可持有⼈按程序申报或者由临床专家按程序推荐，审核通过后调⼊医保药品⽬录",
            "D": "含国家珍贵、濒危野⽣动植物药材的药品根据需要可申请调⼊医保药品⽬录",
            "E": ""
        },
        "analysis": "A项，医保⽬录调⼊分为常规准⼊和谈判准⼊两种⽅式。在满⾜有效性、安全性等前提下，价格（费⽤）与药品⽬录内现有品种相当或较低的，可以通过常规⽅式纳⼊⽬录；价格较⾼或对医保基⾦影响较⼤的专利独家药品应当通过谈判⽅式准⼊。B项，国务院医疗保障主管部门建⽴完善医保药品⽬录动态调整机制，原则上每年调整⼀次。C项，纳⼊国家《药品⽬录》的药品，应当是经国家药品监督管理局批准，取得药品注册证书的化学药、⽣物制品、中成药（民族药），以及按国家标准炮制的中药饮⽚，并符合临床必需、安全有效、价格合理等基本条件。⽀持符合条件的基本药物按规定纳⼊《药品⽬录》。D项，含国家珍贵、濒危野⽣动植物药材的药品不得纳⼊国家《药品⽬录》。因此答案选A。",
        "answer": "A",
        "question_type": "最佳选择题",
        "source": "2021年执业药师职业资格考试《药事管理与法规》"
    },
    {
        "question": "3. 根据国务院办公厅《关于改⾰完善仿制药供应保障及使⽤政策的意见》，关于仿制药供应保障及使⽤配套⽀持政策的说法，错误的是（）。",
        "option": {
            "A": "促进“临床必需、疗效确切、价格合理”的仿制药研发，⿎励仿制重⼤传染病防治和罕见病治疗所需药品",
            "B": "药品集中采购机构要按照药品通⽤名编制采购⽬录，及时将符合条件的仿制药纳⼊采购⽬录范围",
            "C": "将与原研药质量和疗效⼀致的仿制药纳⼊与原研药可以相互替代的药品⽬录，在说明书、标签中予以标注",
            "D": "加快制定医保药品⽀付标准，原研药、与原研药质量和疗效⼀致的仿制药按照相同标准⽀付",
            "E": ""
        },
        "analysis": "A项，2018年4⽉，国务院办公厅印发《关于改⾰完善仿制药供应保障及使⽤政策的意见》，明确提出促进“临床必需、疗效确切、供应短缺”的仿制药研发，⿎励仿制重⼤传染病防治和罕见病治疗所需药品、处置突发公共卫⽣事件所需药品、⼉童使⽤药品以及专利到期前⼀年尚没有提出注册申请的药品。B项，药品集中采购机构要按药品通⽤名编制采购⽬录，及时将符合条件的仿制药纳⼊采购⽬录范围，并及时启动采购程序。C项，将与原研药质量和疗效⼀致的仿制药纳⼊与原研药可相互替代的药品⽬录，在说明书、标签中予以标注，便于医务⼈员和患者选择使⽤。D项，加快制定医保药品⽀付标准，与原研药质量和疗效⼀致的仿制药、原研药按相同标准⽀付。",
        "answer": "A",
        "question_type": "最佳选择题",
        "source": "2021年执业药师职业资格考试《药事管理与法规》"
    },
    {
        "question": "4. 国家以保障公众⽤药安全为⽬标，以落实企业主体责任为基础，以实现“⼀物⼀码，物码同追”为⽅向，加快推进药品信息化追溯体系建设。其中关于“⼀物⼀码”的说法，正确的是（）。",
        "option": {
            "A": "每⼀种药品有⼀个特定的追溯码",
            "B": "同⼀个规格的药品有⼀个特定的追溯码",
            "C": "同⼀个⽣产批号的药品有⼀个特定的追溯码",
            "D": "每⼀个药品最⼩销售单元有⼀个特定的追溯码",
            "E": ""
        },
        "analysis": "药品追溯码是指⽤于唯⼀标识药品各级销售包装单元的代码，由⼀列数字、字母和（或）符号组成。",
        "answer": "D",
        "question_type": "最佳选择题",
        "source": "2021年执业药师职业资格考试《药事管理与法规》"
    },
    {
        "question": "5. 关于药品上市许可持有⼈委托储存、运输⾏为管理要求的说法，正确的是（）。",
        "option": {
            "A": "药品上市许可持有⼈应当将受托⽅储存、运输、销售等⾏为纳⼊⼰⽅质量管理体系，与其签订委托协议，约定双⽅药品质量责任，并对受托⽅进⾏监督",
            "B": "接受委托储存、运输药品的企业表明不知道承运承储的药品已超过有效期，⽽为其提供储存、运输服务的，可以免予⾏政处罚",
            "C": "接受疫苗上市许可持有⼈委托储存、运输的企业，不得再次委托储存、运输疫苗；不得将疫苗与其他药品混库储存或者混车、混箱运输",
            "D": "药品上市许可持有⼈应当对受托⽅的质量保证能⼒及风险管理能⼒进⾏评估，确认受托⽅符合《药品经质量管理规范》有关储存、运输的相关要求",
            "E": ""
        },
        "analysis": "D项，药品上市许可持有⼈委托储存、运输药品的，应当对受托⽅的质量保证能⼒和风险管理能⼒进⾏评估，与其签订委托协议，约定药品质量责任、操作规程等内容，并对受托⽅进⾏监督。",
        "answer": "D",
        "question_type": "最佳选择题",
        "source": "2021年执业药师职业资格考试《药事管理与法规》"
    }
]