[
  {
    "question": "27. 根据国家药品监督管理局，公安部，国家卫⽣健康委员会的有关规定，⼜服固体制剂每剂量单位含羟考酮碱不超过5毫克，且不含其他⿇醉药品，精神药品或者药品类易制毒化学品的复⽅制剂列⼊（）。",
    "option": {
      "A": "含⿇醉药品复⽅制剂的管理",
      "B": "第⼆类精神药品管理",
      "C": "第⼀类精神药品管理",
      "D": "医疗⽤毒性药品管理",
      "E": ""
    },
    "analysis": "⼜服固体制剂每剂量单位含羟考酮碱不超过5毫克，且不含其他⿇醉药品、精神药品或药品类易制毒化学品的复⽅制剂列⼊第⼆类精神药品管理。",
    "answer": "B",
    "question_type": "最佳选择题",
    "source": "2021年执业药师职业资格考试《药事管理与法规》"
  },
  {
    "question": "112. 患者，男，70岁，因抑郁症长期服⽤舍曲林。新诊断为帕⾦森病，宜选⽤的药物有（）。",
    "option": {
      "A": "司来吉兰",
      "B": "普拉克索",
      "C": "⾦刚烷胺",
      "D": "吡贝地尔",
      "E": "恩他卡朋"
    },
    "analysis": "上述题⼲中患者使⽤的抑郁药舍曲林是选择性5-羟⾊胺再摄取抑制剂，司来吉兰避免与选择性5-羟⾊胺再摄取抑制剂合⽤，因此答案选BCDE。",
    "answer": "BCDE",
    "question_type": "多项选择题",
    "source": "2021年执业药师职业资格考试《药学综合知识与技能》"
  },
  {
    "question": "2215. 可⽤于治疗蛔⾍病、蛲⾍病、钩⾍病和鞭⾍病的⼴谱驱⾍药物是（）。",
    "option": {
      "A": "甲硝唑",
      "B": "氯硝柳胺",
      "C": "⼄胺嗪",
      "D": "甲苯咪唑",
      "E": "三氯苯达唑"
    },
    "analysis": "甲苯咪唑是⼴谱的驱肠⾍药，⽤于治疗蛲⾍、蛔⾍、鞭⾍、⼗⼆指肠钩⾍、粪类圆线⾍和绦⾍单独感染及混合感染。",
    "answer": "D",
    "question_type": "最佳选择题",
    "source": "2021年执业药师职业资格考试《药学专业知识（⼆）》"
  },
  {
    "question": "49. ⽤于治疗湿性视⽹膜黄斑变性的药物是（）。",
    "option": {
      "A": "聚⼄⼆醇滴眼液",
      "B": "硫酸阿托品眼⽤凝胶",
      "C": "雷珠单抗注射液",
      "D": "⽑果芸⾹碱滴眼液",
      "E": "丙美卡因滴眼液"
    },
    "analysis": "雷珠单抗注射液，竞争性地抑制VEGF与受体的结合，从⽽抑制内⽪细胞增殖和⾎管新⽣。⽤于治疗湿性，（新⽣⾎管性）年龄相关性黄斑病变。",
    "answer": "C",
    "question_type": "配伍选择题",
    "source": "2021年执业药师职业资格考试《药学专业知识（⼆）》"
  },
  {
    "question": "19. 根据药品管理法律法规及相关⽂件的规定，药品零售企业可以开架⾃选销售的药品是（）。",
    "option": {
      "A": "复⽅⽢草⽚",
      "B": "复⽅⾦银花颗粒",
      "C": "复⽅地芬诺酯⽚",
      "D": "复⽅枇杷喷托维林颗粒",
      "E": ""
    },
    "analysis": "复⽅⽢草⽚、复⽅地芬诺酯⽚、复⽅枇杷喷托维林颗粒属于处⽅药，处⽅药不得开架⾃选。",
    "answer": "B",
    "question_type": "最佳选择题",
    "source": "2021年执业药师职业资格考试《药事管理与法规》"
  },
  {
    "question": "2. 影响药物制剂稳定性的⾮处⽅因素是（）。",
    "option": {
      "A": "pH",
      "B": "温度",
      "C": "溶剂",
      "D": "离⼦强度",
      "E": "表⾯活性剂"
    },
    "analysis": "外界因素对药物制剂稳定性的影响包括：①温度的影响；②光线的影响；③空⽓（氧）的影响；④⾦属离⼦的影响；⑤湿度和⽔分的影响；⑥包装材料的影响。",
    "answer": "B",
    "question_type": "最佳选择题",
    "source": "2021年执业药师职业资格考试《药学专业知识（⼀）》"
  },
  {
    "question": "9. 关于钠-葡萄糖协同转运蛋⽩-2（SLG-2）抑制剂达格列净作⽤特点和不良反应的说法，错误的是（）。",
    "option": {
      "A": "降糖效果受肾⼩球滤过的葡萄糖负荷的影响",
      "B": "降糖作⽤不依赖于胰岛B细胞的功能及机体对胰岛素的敏感性",
      "C": "适⽤于1型糖尿病或糖尿病酮症酸中毒",
      "D": "重度肾功能不全患者禁⽤",
      "E": "可降低⾎压，减轻体重"
    },
    "analysis": "达格列净是钠-葡萄糖协同转运蛋⽩-2（SLG-2）抑制剂，SGLT-2抑制剂降低⾎糖和糖化⾎红蛋⽩的能⼒受滤过的葡萄糖负荷和这类药物引起的渗透性利尿的限制。SGLT-2抑制剂的降糖作⽤不依赖于胰岛B细胞功能及胰岛素敏感性。中度肾功能不全的患者可以减量使⽤。在重度肾功能不全患者中因降糖效果显著下降不建议使⽤。在饮⾷和运动基础上，达格列净可作为单药治疗，⽤于2型糖尿病成⼈患者改善⾎糖控制。本品不适⽤于治疗1型糖尿病或糖尿病酮症酸中毒。",
    "answer": "C",
    "question_type": "最佳选择题",
    "source": "2021年执业药师职业资格考试《药学专业知识（⼆）》"
  },
  {
    "question": "66. 对于治疗严重危及⽣命且尚⽆有效治疗⼿段的疾病的药品，药物临床试验已有数据证实疗效并能预测其临床价值的，可以申请（）。",
    "option": {
      "A": "关联审评审批程序",
      "B": "简化审批程序",
      "C": "附条件批准程序",
      "D": "突破性治疗药物程序",
      "E": ""
    },
    "analysis": "药物临床试验期间，符合以下情形的药品，可以申请附条件批准：①治疗严重危及⽣命且尚⽆有效治疗⼿段的疾病的药品，药物临床试验已有数据证实疗效并能预测其临床价值的；②公共卫⽣⽅⾯急需的药品，药物临床试验已有数据显⽰疗效并能预测其临床价值的；③应对重⼤突发公共卫⽣事件急需的疫苗或者国家卫⽣健康委员会认定急需的其他疫苗，经评估获益⼤于风险的。",
    "answer": "C",
    "question_type": "配伍选择题",
    "source": "2021年执业药师职业资格考试《药事管理与法规》"
  },
  {
    "question": "56. 属于⼆肽基肽酶-4（DPP-4）抑制剂的药物是（）。",
    "option": {
      "A": "西格列汀",
      "B": "那格列奈",
      "C": "格列美脲",
      "D": "利拉鲁肽",
      "E": "罗格列酮"
    },
    "analysis": "A项，西格列汀属于⼆肽基肽酶-4（DPP-4）抑制剂；B项，那格列奈属于⾮磺酰脲类促胰岛素分泌药；C项，格列美脲属于磺酰脲类促胰岛素分泌药；D项，利拉鲁肽属于胰⾼⾎糖素样肽-1（GLP-1）受体激动剂；E项，罗格列酮属于噻唑烷⼆酮类（TZDs）胰岛素增敏剂。",
    "answer": "A",
    "question_type": "配伍选择题",
    "source": "2021年执业药师职业资格考试《药学专业知识（⼆）》"
  },
  {
    "question": "题干：雌⼆醇⼜服⼏乎⽆效，临床常⽤雌⼆醇贴⽚。近年来，随着微粒化技术问世，市⾯上亦出现了雌⼆醇⽚。某患者使⽤微粒化雌⼆醇⽚治疗雌激素缺乏综合征，每次2mg，每天服药⼀次，使⽤⼀段时间后，出现肝功能异常，后改⽤雌⼆醇贴⽚（每⽚2.5mg，每⽚可使⽤7⽇），不良反应消失。\n103. 雌⼆醇⽚属于⼩剂量⽚剂，应检查含量均匀度，根据《中国药典》规定，⼩剂量是指每⽚标⽰量⼩于（）。",
    "option": {
      "A": "25mg",
      "B": "1mg",
      "C": "5mg",
      "D": "10mg",
      "E": "50mg"
    },
    "analysis": "含量均匀度的检查除另有规定外，⽚剂、硬胶囊剂、颗粒剂或散剂等，每⼀个单剂标⽰量⼩于25mg或主药含量⼩于每⼀个单剂重量25%者；药物间或药物与辅料间采⽤混粉⼯艺制成的注射⽤⽆菌粉末；内充⾮均相溶液的软胶囊；单剂量包装的⼜服混悬液、透⽪贴剂和栓剂等品种项下规定含量均匀度应符合要求的制剂，均应检查含量均匀度。",
    "answer": "A",
    "question_type": "综合分析选择题",
    "source": "2021年执业药师职业资格考试《药学专业知识（⼀）》"
  },
  {
    "question": "题干：舍曲林的化学结构如下，体内过程符合线性药动学特征，只有极少量（＜0.2%）以原形从尿中排泄，临床上常⽤剂量为50～200mg，每天给药⼀次。肝肾功能正常的某患者服⽤该药后的达峰时间约为5h，其消除半衰期约为24h，⾎浆蛋⽩结合率为98%。\n108. 舍曲林在体内主要代谢产物仍有活性，约为舍曲林的1/20，该主要代谢产物是（）。",
    "option": {
      "A": "3-羟基舍曲林",
      "B": "去甲氨基舍曲林",
      "C": "7-羟基舍曲林",
      "D": "N-去甲基舍曲林",
      "E": "脱氯舍曲林"
    },
    "analysis": "舍曲林主要⾸先通过肝脏代谢，⾎浆中的主要代谢产物是N-去甲基舍曲林，其药理活性是舍曲林的1/20，t 是62～104⼩时。1/",
    "answer": "D",
    "question_type": "综合分析选择题",
    "source": "2021年执业药师职业资格考试《药学专业知识（⼀）》"
  },
  {
    "question": "22. 关于药品标签、说明书管理的说法，错误的是（）。",
    "option": {
      "A": "同⼀药品上市许可持有⼈⽣产的同⼀药品，分别按处⽅药与⾮处⽅药管理的，⼆者包装颜⾊必须明显区别",
      "B": "由于包装尺⼨或者技术设备等原因，标签中的有效期⽆法标注“有效期⾄某年某⽉”的，可以标注有效期实际期限",
      "C": "对贮藏有特殊要求的药品，应当在标签的醒⽬位置注明",
      "D": "药品内标签⾄少应当标注药品通⽤名称、产品批号和有效期",
      "E": ""
    },
    "analysis": "药品内标签⾄少应当标注药品通⽤名称、规格、产品批号、有效期等内容。",
    "answer": "D",
    "question_type": "最佳选择题",
    "source": "2021年执业药师职业资格考试《药事管理与法规》"
  },
  {
    "question": "51. 患者，⼥，28岁，已婚未育，因阴道分泌物增多伴瘙痒5天就诊。妇科检查见阴道内⼤量黄绿⾊泡沫样分泌物，有臭味，分泌物镜检见滴⾍。宜选⽤的药物是（）。",
    "option": {
      "A": "酮康唑乳膏",
      "B": "甲硝唑栓",
      "C": "雌三醇乳膏",
      "D": "硝酸咪康唑栓",
      "E": "氯康唑胶囊"
    },
    "analysis": "分泌物镜检见滴⾍，可知患者患有滴⾍性阴道炎，可⽤甲硝唑、替硝唑治疗，因此答案选B。",
    "answer": "B",
    "question_type": "配伍选择题",
    "source": "2021年执业药师职业资格考试《药学综合知识与技能》"
  },
  {
    "question": "62. 药品质量标准中属于药物特性检查的项⽬是（）。",
    "option": {
      "A": "氯化物",
      "B": "细菌内毒素",
      "C": "有关物质",
      "D": "结晶性",
      "E": "熔点"
    },
    "analysis": "特性检查有溶液颜⾊检查法（通则0901）、澄清度检查法（通则0902）、不溶性微粒检查法（通则0903）、可见异物检查法（通则0904）、崩解时限检查法（通则0921）、溶出度与释放度测定法（通则0931）、含量均匀度检查法（通则0941）、最低装量检查法（通则0942）、结晶性检查法（通则0981）、粒度和粒度分布测定法（通则0982）等。",
    "answer": "D",
    "question_type": "配伍选择题",
    "source": "2021年执业药师职业资格考试《药学专业知识（⼀）》"
  },
  {
    "question": "1. 为配制有效氯浓度为500mg/L的消毒剂10L，需要次氯酸钠溶液（有效氯浓度为6.0%）和纯化⽔的量分别是（）。",
    "option": {
      "A": "83mL和9917mL",
      "B": "830mL和9170mL",
      "C": "120mL和9880mL",
      "D": "150mL和9850mL",
      "E": "500mL和9500mL"
    },
    "analysis": "有效氯含量为6.0%相当于100ml消毒剂中含有6g有效氯，即有效氯含量为6000mg/L，根据C ×V浓 浓＝C ×V ，次氯酸钠溶液的体积是500×10÷6000≈0.83L，即830mL，纯化⽔的量为X＝10－0.83＝9.17L＝9170mL。因此答案选B。稀 稀",
    "answer": "B",
    "question_type": "最佳选择题",
    "source": "2021年执业药师职业资格考试《药学综合知识与技能》"
  },
  {
    "question": "21. 亚洲⼈易发⽣某种代谢酶基因突变，导致部分患者使⽤奥美拉唑时，其体内该药物的AUC明显增加，该代谢酶是（）。",
    "option": {
      "A": "CYP2D6",
      "B": "CYP3A4",
      "C": "CYP2C19",
      "D": "CYP2C9",
      "E": "CYP1A2"
    },
    "analysis": "奥美拉唑是H ，K -ATP酶抑制药，⽤于治疗消化道溃疡及消化道反流，其单剂量药动学研究中，亚洲⼈的AUC⽐⽩种⼈增加近40%，这种差异是由药物的不同代谢率引起的。奥美拉唑是细胞⾊素酶CYP2C19的作⽤底物，近20%的亚洲⼈为CYP2C19的突变纯合⼦形式，为弱代谢型，因此对于亚洲患者中的弱代谢型及肝功受损的患者，应调低剂量进⾏治疗。",
    "answer": "C",
    "question_type": "最佳选择题",
    "source": "2021年执业药师职业资格考试《药学专业知识（⼀）》"
  },
  {
    "question": "39. 可致超敏反应综合征（AHS），推荐⽤药前做HLA-B*5801基因筛查的抗痛风药物是（）。",
    "option": {
      "A": "苯溴马隆",
      "B": "别嘌醇",
      "C": "秋⽔仙碱",
      "D": "⾮布司他",
      "E": "丙磺舒"
    },
    "analysis": "别嘌醇可致超敏反应综合征（AHS），建议应⽤前做基因（HLA-B*5801）筛查。",
    "answer": "B",
    "question_type": "最佳选择题",
    "source": "2021年执业药师职业资格考试《药学专业知识（⼆）》"
  },
  {
    "question": "117. 药物代谢是机体对药物的处置过程，下列关于药物代谢的说法，正确的有（）。",
    "option": {
      "A": "⾮甾体抗炎药舒林酸结构中的甲基亚砜，经还原后的代谢物才具有活性",
      "B": "抗抑郁药丙⽶嗪结构中的⼆甲胺⽚段，经N-脱甲基后的代谢物失去活性",
      "C": "驱⾍药阿苯达唑结构中的丙硫醚，经S-氧化后的代谢物才具有活性",
      "D": "抗癫痫药苯妥英钠结构中的⼀个芳环，发⽣氧化代谢后产⽣羟基化的代谢物仍具有活性",
      "E": "解热镇痛药保泰松结构中的⼀个芳环，发⽣氧化代谢后产⽣羟基化的保泰松仍具有活性"
    },
    "analysis": "舒林酸属前体药物，它在体外⽆效，在体内经肝代谢，甲基亚砜基被还原为甲硫基化合物⽽显⽰⽣物活性。舒林酸⾃肾脏排泄较慢，半衰期长，故起效慢，作⽤持久。阿苯达唑⼜服吸收差，但可迅速经肝脏S-氧化⽣成亚砜和砜类活性代谢物，代谢物为砜及⽔解脱羧后的2-氨基取代的砜及亚砜。保泰松在体内的代谢物羟布宗（羟基保泰松）也具有消炎抗风湿作⽤，且毒性较低，副作⽤较⼩。",
    "answer": "ACE",
    "question_type": "多项选择题",
    "source": "2021年执业药师职业资格考试《药学专业知识（⼀）》"
  },
  {
    "question": "29. 可待因是前药，需经肝药酶转化为吗啡⽽发挥镇痛作⽤，参与转化的肝药酶是（）。",
    "option": {
      "A": "CYP1A2",
      "B": "CYP3A4",
      "C": "CYP2C9",
      "D": "CYP2D6",
      "E": "CYP2C19"
    },
    "analysis": "可待因与阿⽚受体的亲和⼒很低，体内药物的10%经肝CYP2D6转化为吗啡⽽发挥镇痛作⽤。",
    "answer": "D",
    "question_type": "最佳选择题",
    "source": "2021年执业药师职业资格考试《药学专业知识（⼆）》"
  },
  {
    "question": "37. 根据医疗器械分类管理规定，下列属于⼆类医疗器械的是（）。",
    "option": {
      "A": "体温计、⽪肤缝合钉、⽆菌医⽤⼿套",
      "B": "超声三维系统软件、⾎压计、核磁共振成像设备",
      "C": "针灸针、听诊器、医⽤防护服",
      "D": "集液袋、⼿术⼑、睡眠监护系统软件",
      "E": ""
    },
    "analysis": "第⼆类医疗器械有⾎压计、体温计、⼼电图机、脑电图机、⼿术显微镜、（中医⽤）针灸针、助听器、⽪肤缝合钉、避孕套、避孕帽、⽆菌医⽤⼿套、睡眠监护系统软件、超声三维系统软件、脉象仪软件等。",
    "answer": "A",
    "question_type": "最佳选择题",
    "source": "2021年执业药师职业资格考试《药事管理与法规》"
  },
  {
    "question": "14. ⽤烯丙基、环丙基甲基或环丁基甲基对吗啡及其类似物的叔胺部分进⾏修饰后，由阿⽚受体激动剂转为拮抗剂，属于阿⽚受体拮抗剂的是（）。",
    "option": {
      "A": "",
      "B": "",
      "C": "",
      "D": "",
      "E": ""
    },
    "analysis": "当吗啡的N-甲基被烯丙基、环丙基甲基或环丁基甲基等取代后，导致吗啡样物质对受体的作⽤发⽣逆转，由激动剂变为拮抗剂。如烯丙吗啡（Nalorphine）、纳洛酮（Naloxone）和纳曲酮（Naltrexone），均⽆镇痛作⽤，都是阿⽚受体阻断药，A项，是烯丙吗啡。",
    "answer": "A",
    "question_type": "最佳选择题",
    "source": "2021年执业药师职业资格考试《药学专业知识（⼀）》"
  },
  {
    "question": "8. 异丙托溴铵制剂处⽅如下。处⽅中枸橼酸⽤作（）。 【处⽅】 异丙托溴铵0.374g，⽆⽔⼄醇150g； HFA-134a844.6g，枸橼酸0.04g； 蒸馏⽔5.0g。",
    "option": {
      "A": "潜溶剂",
      "B": "防腐剂",
      "C": "助溶剂",
      "D": "抛射剂",
      "E": "pH调节剂"
    },
    "analysis": "上述⽓雾剂为液体⽓雾剂，⽆⽔⼄醇为潜溶剂，增加药物和赋形剂在制剂中的溶解度，使药物溶解达到有效治疗量；枸橼酸调节体系pH，抑制药物分解；加⼊少量⽔可以降低药物因脱⽔引起的分解。",
    "answer": "E",
    "question_type": "最佳选择题",
    "source": "2021年执业药师职业资格考试《药学专业知识（⼀）》"
  },
  {
    "question": "32. 根据处⽅药与⾮处⽅药分类管理要求，下列销售⾏为错误的是（）。",
    "option": {
      "A": "药品零售企业对疑似假冒或者不合法处⽅，应当断然拒绝调配，并向所在地药品监管理部门报告",
      "B": "药品零售企业不得采⽤开架⾃选的⽅式销售处⽅药，可以采⽤“捆绑搭售”“满减优惠”等⽅式赠送销售⾮处⽅药",
      "C": "销售处⽅药时，处⽅应当经执业药师审核，调配处⽅应当经过核对，对处⽅所列药品不得擅⾃更改或者代⽤，对有配伍禁忌的处⽅，应当拒绝调配",
      "D": "第⼆类精神药品，肿瘤治疗药，精神障碍治疗药等在药品零售企业必须严格凭处⽅销售",
      "E": ""
    },
    "analysis": "药品零售企业不得采⽤开架⾃选的⽅式销售处⽅药，也不得采⽤“捆绑搭售”“买商品赠药品”“买N赠1”“满N减1”“满N元减x元”等⽅式直接或变相赠送销售处⽅药、甲类⾮处⽅药（包括通过⽹络销售的渠道）。",
    "answer": "B",
    "question_type": "最佳选择题",
    "source": "2021年执业药师职业资格考试《药事管理与法规》"
  },
  {
    "question": "34. ⾮索⾮那定为H 受体阻断药，适⽤于减轻季节性过性⿐炎和慢性特发性荨⿇疹引起的症状。下1列关于⾮索⾮那定结构和临床使⽤的说法错误的是（）。",
    "option": {
      "A": "为特⾮那定的体内活性代谢产物",
      "B": "具有较⼤的⼼脏毒副作⽤",
      "C": "分⼦中含有⼀个羧基",
      "D": "不易通过⾎-脑屏障，因⽽⼏乎⽆镇静作⽤",
      "E": "⼜服后吸收迅速"
    },
    "analysis": "⾮索⾮那定可以⽣成特⾮那定的活性代谢物，因含有羧基故⽆中枢镇静作⽤，也⽆⼼脏毒性；为第三代抗组胺药，⼜服后吸收迅速，不能通过⾎-脑屏障，⼏乎不代谢；适⽤于减轻季节性过敏性⿐炎和慢性特发性荨⿇疹引起的症状。",
    "answer": "B",
    "question_type": "最佳选择题",
    "source": "2021年执业药师职业资格考试《药学专业知识（⼀）》"
  },
  {
    "question": "63. 表⽰药物在体内波动程度的参数是（）。",
    "option": {
      "A": "Cmax",
      "B": "DE",
      "C": "MRT",
      "D": "AUMC",
      "E": "AUC"
    },
    "analysis": "药物在体内波动程度的参数是峰浓度（C ），反应药物吸收的程度，也与吸收速度有关。max",
    "answer": "A",
    "question_type": "配伍选择题",
    "source": "2021年执业药师职业资格考试《药学专业知识（⼀）》"
  },
  {
    "question": "83. 结构中引⼊甲磺酰基，通过氢键作⽤增⼤了与酶的结合能⼒，使药效增强的药物是（）。",
    "option": {
      "A": "",
      "B": "",
      "C": "",
      "D": "",
      "E": ""
    },
    "analysis": "瑞舒伐他汀钙是全合成的他汀类药物，其分⼦中的双环部分改成了多取代的嘧啶环，嘧啶环上引⼊的甲磺酰基作为氢键接受体，和HMG-CoA还原酶形成氢键，增加了与酶的结合能⼒，抑制作⽤更强。",
    "answer": "C",
    "question_type": "配伍选择题",
    "source": "2021年执业药师职业资格考试《药学专业知识（⼀）》"
  },
  {
    "question": "题干：头孢呋⾟钠是⼀种半合成⼴谱抗⽣素，在⽔溶液中易降解，化学结构式如下。其药动学特征可⽤⼀室模型描述，半衰期约为1.1h，给药24h内，90%以上药物以原形从尿中排出。对肝肾功能正常的患者，临床上治疗肺炎时，每⽇三次，每次静脉注射剂量为0.5g。\n104. 头孢呋⾟钠的结构属于（）。",
    "option": {
      "A": "⼤环内酯类",
      "B": "四环素类",
      "C": "氨基糖苷类",
      "D": "喹诺酮类",
      "E": "β-内酰胺类"
    },
    "analysis": "β-内酰胺类包括青霉素类，头孢菌素类，故上述题中头孢呋⾟钠属于β-内酰胺类药物。因此答案选E。",
    "answer": "E",
    "question_type": "综合分析选择题",
    "source": "2021年执业药师职业资格考试《药学专业知识（⼀）》"
  },
  {
    "question": "题干：头孢呋⾟钠是⼀种半合成⼴谱抗⽣素，在⽔溶液中易降解，化学结构式如下。其药动学特征可⽤⼀室模型描述，半衰期约为1.1h，给药24h内，90%以上药物以原形从尿中排出。对肝肾功能正常的患者，临床上治疗肺炎时，每⽇三次，每次静脉注射剂量为0.5g。\n105. 某患者的表观分布容积为20L，每次静脉注射0.5g，则多次给药后的平均稳态⾎药浓度是（）。",
    "option": {
      "A": "75mg/L",
      "B": "4.96mg/L",
      "C": "3.13mg/L",
      "D": "119mg/L",
      "E": "2.5mg/L"
    },
    "analysis": "平均稳态⾎药浓度的计算公式C ＝X /kVτ。已知X 是每经τ时间静脉注射的剂量0.5g，给药24h内，每⽇三次，τ是8⼩时，表观分布容积为20L，已知半衰期1.1h，则k＝0.693/t ＝0.693/1.1＝0.63，故C ＝0.5÷（20×8×0.63）≈0.00496g/L＝4.96mg/L。1/2ss00ss",
    "answer": "B",
    "question_type": "综合分析选择题",
    "source": "2021年执业药师职业资格考试《药学专业知识（⼀）》"
  },
  {
    "question": "116. 关于药物临床试验的说法，正确的有（）。",
    "option": {
      "A": "Ⅲ期临床试验是治疗作⽤确证阶段",
      "B": "Ⅳ期临床试验是新药上市前的应⽤研究阶段",
      "C": "Ⅰ期临床试验是初步的临床药理学及⼈体安全性评价试验",
      "D": "Ⅱ期临床试验是治疗作⽤初步评价阶段",
      "E": ""
    },
    "analysis": "Ⅰ期临床试验：初步的临床药理学及⼈体安全性评；Ⅱ期临床试验：治疗作⽤初步评价阶段；Ⅲ期临床试验：治疗作⽤确证阶段；Ⅳ期临床试验：新药上市后的应⽤研究阶段。",
    "answer": "ACD",
    "question_type": "多项选择题",
    "source": "2021年执业药师职业资格考试《药事管理与法规》"
  },
  {
    "question": "80. 常⽤磷脂作为载体材料的是（）。",
    "option": {
      "A": "纳⽶粒",
      "B": "微囊",
      "C": "纳⽶乳",
      "D": "微球",
      "E": "脂质体"
    },
    "analysis": "脂质体是将药物包封于类脂质双分⼦层形成的薄膜中间所得的超微型球状载体。脂质体的膜材主要由磷脂与胆固醇构成。",
    "answer": "E",
    "question_type": "配伍选择题",
    "source": "2021年执业药师职业资格考试《药学专业知识（⼀）》"
  },
  {
    "question": "33. 根据《药品管理法》，对未取得药品⽣产许可证⽣产、销售药品的情形，药品监督管理部门对其责令关闭，没收违法⽣产，销售的药品和违法所得，并处罚款。药品监督管理部门作出的该⾏为属于（）。",
    "option": {
      "A": "⾏政裁决",
      "B": "⾏政处分",
      "C": "⾏政处罚",
      "D": "⾏政强制",
      "E": ""
    },
    "analysis": "《处罚法》第九条明确规定了⾏政处罚的种类，包括：①警告、通报批评；②罚款、没收违法所得、没收⾮法财物；③暂扣许可证件、降低资质等级、吊销许可证件；④限制开展⽣产经营活动、责令停产停业、责令关闭、限制从业；⑤⾏政拘留；⑥法律、⾏政法规规定的其他⾏政处罚。",
    "answer": "C",
    "question_type": "最佳选择题",
    "source": "2021年执业药师职业资格考试《药事管理与法规》"
  },
  {
    "question": "92. 抑制尿酸⽣成的抗痛风药物是（）。",
    "option": {
      "A": "双氯芬酸",
      "B": "秋⽔仙碱",
      "C": "苯溴马隆",
      "D": "双醋瑞因",
      "E": "⾮布司他"
    },
    "analysis": "",
    "answer": "E",
    "question_type": "配伍选择题",
    "source": "2021年执业药师职业资格考试《药学专业知识（⼆）》"
  },
  {
    "question": "64. 属于⾃由基清除剂，⽤于治疗缺⾎性脑⾎管病的药物是（）。",
    "option": {
      "A": "尼莫地平",
      "B": "吡拉西坦",
      "C": "依达拉奉",
      "D": "多奈哌齐",
      "E": "尼麦⾓林"
    },
    "analysis": "依达拉奉可清除⾃由基，抑制脂质过氧化，从⽽抑制脑细胞、⾎管内⽪细胞、神经细胞的氧化损伤。适⽤于改善急性脑梗塞所致的神经症状，⽇常⽣活活动能⼒和功能障碍。",
    "answer": "C",
    "question_type": "配伍选择题",
    "source": "2021年执业药师职业资格考试《药学专业知识（⼆）》"
  },
  {
    "question": "1221248. 氧氟沙星左旋体的抗菌活性是右旋体的9.3倍，产⽣该现象的原因是（）。",
    "option": {
      "A": "构象异构",
      "B": "⼏何异构",
      "C": "构型异构",
      "D": "组成差异",
      "E": "代谢差异"
    },
    "analysis": "对映体异构体之间产⽣相同的药理活性，但强弱不同；两个对映体有相似的药理活性，但作⽤强度有明显的差异。例如抗菌药物氧氟沙星，其S-（－）-对映异构体对细菌旋转酶抑制活性是R-（＋）-对映异构体的9.3倍，是消旋体的1.3倍。",
    "answer": "C",
    "question_type": "配伍选择题",
    "source": "2021年执业药师职业资格考试《药学专业知识（⼀）》"
  },
  {
    "question": "30. 患者，⼥，58岁，⾼⾎压病史3年，服⽤氨氯地平控制⾎压。近1⽉来间断上腹痛，伴反酸，诊断为胃溃疡，Hp（＋），给予雷贝拉唑、克拉霉素、阿莫西林、枸橼酸铋钾进⾏Hp根除治疗。服药后患者⾃述⾆苔发⿊，⼜中有氨味，可能引起这种现象的药物是（）。",
    "option": {
      "A": "雷贝拉唑",
      "B": "克拉霉素",
      "C": "枸橼酸铋钾",
      "D": "阿莫西林",
      "E": "氨氯地平"
    },
    "analysis": "枸橼酸铋钾服药期间，⼜中可能带有氨味并可使⾆苔及⼤便呈灰⿊⾊，因此答案选C。",
    "answer": "C",
    "question_type": "最佳选择题",
    "source": "2021年执业药师职业资格考试《药学综合知识与技能》"
  },
  {
    "question": "47. 根据《中共中央国务院关于深化医疗保障制度改⾰的意见》，⼒争到2030年全⾯建成多层次医疗保障制度体系，多层次医疗保障制度体系中发挥托底作⽤的是（）。",
    "option": {
      "A": "补充医疗保险",
      "B": "医疗互助",
      "C": "医疗救助",
      "D": "基本医疗保险",
      "E": ""
    },
    "analysis": "2020年3⽉5⽇，《中共中央国务院关于深化医疗保障制度改⾰的意见》提出了“1＋4＋2”的医疗保障制度总体改⾰框架。其中，“1”是⼒争到2030年，全⾯建成以基本医疗保险为主体，医疗救助为托底，补充医疗保险、商业健康保险、慈善捐赠、医疗互助共同发展的多层次医疗保障制度体系。“4”是健全待遇保障、筹资运⾏、医保⽀付、基⾦监管四个机制。“2”是完善医药服务供给和医疗保障服务两个⽀撑。",
    "answer": "C",
    "question_type": "配伍选择题",
    "source": "2021年执业药师职业资格考试《药事管理与法规》"
  },
  {
    "question": "32. 妊娠5个⽉后⽤药，可导致⽇后婴⼉⽛齿黄染、⽛釉质、发育不全的药物是（）。",
    "option": {
      "A": "阿莫西林",
      "B": "呋喃妥因",
      "C": "甲硝唑",
      "D": "四环素",
      "E": "磺胺甲恶唑"
    },
    "analysis": "妊娠5个⽉后⽤四环素可使婴⼉⽛齿黄染，⽛釉质发育不全，⾻⽣长障碍，因此答案选D。",
    "answer": "D",
    "question_type": "最佳选择题",
    "source": "2021年执业药师职业资格考试《药学综合知识与技能》"
  },
  {
    "question": "94. 既有黏痰溶解作⽤，还有解救对⼄酰氨基酚中毒作⽤的药物是（）。",
    "option": {
      "A": "⼄酰半胱氨酸",
      "B": "氯化铵",
      "C": "氨溴索",
      "D": "右美沙芬",
      "E": "可待因"
    },
    "analysis": "⼄酰半胱氨酸分⼦中所含的巯基能使糖蛋⽩多肽链的⼆硫键断裂，并使脓性痰DNA纤维断裂，从⽽降低痰液的黏滞性，使痰液液化，容易咳出，具有较强的黏痰溶解作⽤，不仅能溶解⽩⾊黏痰，也能溶解脓性痰。还有解救对⼄酰氨基酚中毒的治疗。",
    "answer": "A",
    "question_type": "配伍选择题",
    "source": "2021年执业药师职业资格考试《药学专业知识（⼆）》"
  },
  {
    "question": "题干：甲是药品上市许可持有⼈，依法持有甲钴胺⽚等药品品种； ⼄是药品⽣产企业，⽣产范围：⽚剂、胶囊剂； 丙是药品⽣产企业，⽣产范围：胶囊剂、颗粒剂； 丁是全国性药品批发企业，经营范围：⿇醉药品、中成药、中药饮⽚、化学药、⽣物制品，具备药品现代物流条件； 戊是县级区域性药品批发企业，经营范围：中成药、化学药； ⼰是药品零售连锁企业所属门店，经营类别：处⽅药、甲类⾮处⽅药、⼄类⾮处⽅药，经营范围：第⼆类精神药品、中成药、中药饮⽚、化学药。\n96. 药品监督管理部门检查发现⼰从个⼈处购进药品并销售，情节较轻，应当依法依规做出的处罚是（）。",
    "option": {
      "A": "责令改正，没收违法购进的药品和违法所得，并处违法购进药品货值⾦额⼆倍以上⼗倍以下的罚款，货值⾦额不⾜五万元的，按五万元计算",
      "B": "给予警告，责令限期改正：逾期不改正或者情节严重的，处以⼀千元以上三千元以下的罚款",
      "C": "没收违法销售的药品和违法所得，并处违法销售药品货值⾦额⼗倍以上⼆⼗倍以下的罚款，货值⾦额不⾜⼀万元的，按⼀万元计算",
      "D": "责令限期改正，予以警告：逾期不改正的，处⼗万元以上五⼗万元以下的罚款",
      "E": ""
    },
    "analysis": "根据《药品管理法》第⼀百⼆⼗九条的规定，药品上市许可持有⼈、药品⽣产企业、药品经营企业或者医疗机构未从药品上市许可持有⼈或者具有药品⽣产、经营资格的企业购进药品的，责令改正，没收违法购进的药品和违法所得，并处违法购进药品货值⾦额⼆倍以上⼗倍以下的罚款；情节严重的，并处货值⾦额⼗倍以上三⼗倍以下的罚款，吊销药品批准证明⽂件、药品⽣产许可证、药品经营许可证或者医疗机构执业许可证；货值⾦额不⾜五万元的，按五万元计算。",
    "answer": "A",
    "question_type": "综合分析选择题",
    "source": "2021年执业药师职业资格考试《药事管理与法规》"
  },
  {
    "question": "111. 据执业药师注册管理的相关规定，取得执业药师职业资格证书并经注册后⽅可执业，下列属于执业单位的有（）。",
    "option": {
      "A": "药品连锁企业总部",
      "B": "药品检验机构",
      "C": "药品批发企业",
      "D": "医疗机构",
      "E": ""
    },
    "analysis": "机关、院校、科研单位和药品检验机构不属于规定的注册执业单位。",
    "answer": "ACD",
    "question_type": "多项选择题",
    "source": "2021年执业药师职业资格考试《药事管理与法规》"
  },
  {
    "question": "82. 属于时间依赖型抗菌药物，抗菌谱窄，仅对需氧⾰兰阴性菌有效的药物是（）。",
    "option": {
      "A": "阿⽶卡星",
      "B": "氨曲南",
      "C": "氨苄西林",
      "D": "头孢他啶",
      "E": "头孢曲松"
    },
    "analysis": "氨曲南属于时间依赖型抗菌药物，通过与敏感需氧⾰兰阴性菌细胞膜上PBP3的⾼度亲和⽽发挥杀菌作⽤，仅对需氧⾰兰阴性菌包括铜绿假单胞菌具有良好抗菌活性，对⾰兰阳性菌和厌氧菌作⽤差。",
    "answer": "B",
    "question_type": "配伍选择题",
    "source": "2021年执业药师职业资格考试《药学专业知识（⼆）》"
  },
  {
    "question": "28. 根据《关于做好当前药品价格管理⼯作的意见》，关于药品价格政策的说法，错误的是（）。",
    "option": {
      "A": "以现⾏药品价格政策为基础，坚持市场在资源配置中的决定性作⽤",
      "B": "同种药品在剂型、规格和包装等⽅⾯存在差异的，按照治疗费⽤相当的原则，综合考虑临床效果、成本价值、技术⽔平等因素，保持合理的差价⽐价关系",
      "C": "⿇醉药品和第⼀类精神药品实⾏政府定价，其他药品实⾏政府指导价",
      "D": "⿇醉药品和第⼀类精神药品价格依法实⾏最⾼出⼚（⼜岸）价格和最⾼零售价格管理",
      "E": ""
    },
    "analysis": "C项，⿇醉药品和第⼀类精神药品实⾏政府定价，其他药品实⾏市场调节价。",
    "answer": "C",
    "question_type": "最佳选择题",
    "source": "2021年执业药师职业资格考试《药事管理与法规》"
  },
  {
    "question": "12. 患者，⼥，27岁，孕34周。诊断为轻度便秘，宜选⽤的药物是（）。",
    "option": {
      "A": "蓖⿇油",
      "B": "乳果糖",
      "C": "硫酸镁",
      "D": "普芦卡必利",
      "E": "利那洛肽"
    },
    "analysis": "上述题⼲中患者是孕妇，妊娠期便秘的治疗⾸先建议患者改变⽣活⽅式；其次容积性泻药、聚⼄⼆醇、乳果糖的安全性好、作⽤缓和且对胎⼉⽆不良影响，可作为妊娠期便秘患者的⾸选泻剂。",
    "answer": "B",
    "question_type": "最佳选择题",
    "source": "2021年执业药师职业资格考试《药学专业知识（⼆）》"
  },
  {
    "question": "84. 中毒解救需灌肠时，宜选⽤的灌肠液是（）。",
    "option": {
      "A": "硫酸镁溶液",
      "B": "淀粉溶液",
      "C": "植物油",
      "D": "⾼锰酸钾溶液（1:5000～1:10000）",
      "E": "1%肥皂⽔"
    },
    "analysis": "灌肠⼀般⽤1%微温盐⽔，1%肥皂⽔或清⽔，或将药⽤炭加于灌肠液中，以加速毒物吸附后排出。",
    "answer": "E",
    "question_type": "配伍选择题",
    "source": "2021年执业药师职业资格考试《药学综合知识与技能》"
  },
  {
    "question": "13. 两药同时使⽤时，⼀个药物可通过诱导体内⽣化反应⽽使另⼀个药物的药效降低。下列药物同时使⽤时，会发⽣这种相互作⽤的是（）。",
    "option": {
      "A": "β受体阻断药阿替洛尔与利尿药氢氯噻嗪",
      "B": "抗痛风药丙磺舒与青霉素",
      "C": "解热镇痛药阿司匹林与对⼄酰氨基酚",
      "D": "抗菌药磺胺甲与甲氧苄啶",
      "E": "抗癫痫药苯巴⽐妥与避孕药"
    },
    "analysis": "某些化学物质能提⾼肝药酶活性，增加⾃⾝或其他药物的代谢速率，此现象称酶诱导。具有酶诱导作⽤的物质叫酶诱导剂。苯巴⽐妥有肝药酶诱导作⽤，能加速药物的消除⽽使药效减弱。",
    "answer": "E",
    "question_type": "最佳选择题",
    "source": "2021年执业药师职业资格考试《药学专业知识（⼀）》"
  },
  {
    "question": "45. 因肾上腺⽪质激素的分泌具有晨⾼昼低的特点，故使⽤维持剂量的肾上腺⽪质激素类药物时，推荐的服药时间是（）。",
    "option": {
      "A": "中午",
      "B": "清晨",
      "C": "上午",
      "D": "下午",
      "E": "临睡前"
    },
    "analysis": "应⽤糖⽪质激素治疗疾病时，清晨8:00时1次予以全天剂量⽐1天多次给药效果好，不良反应也少。",
    "answer": "B",
    "question_type": "配伍选择题",
    "source": "2021年执业药师职业资格考试《药学专业知识（⼀）》"
  },
  {
    "question": "42. 根据《药品经营质量管理规范》，测量范围在－25℃～0℃之间的温湿度监测系统，测量设备的温度最⼤允许误差为（）。",
    "option": {
      "A": "±2.0℃",
      "B": "±0.5℃",
      "C": "±0.1℃",
      "D": "±1.0℃",
      "E": ""
    },
    "analysis": "系统温湿度测量设备的最⼤允许误差应符合要求。根据《药品经营质量管理规范》，测量范围在－25℃～0℃之间，温度的最⼤允许误差为±1.0℃。",
    "answer": "D",
    "question_type": "配伍选择题",
    "source": "2021年执业药师职业资格考试《药事管理与法规》"
  },
  {
    "question": "120. 审⽅时要关注中西药联⽤的情况，下列药品中含有西药成分的有（）。",
    "option": {
      "A": "⿐炎康⽚",
      "B": "珍菊降压⽚",
      "C": "防风通圣丸",
      "D": "蛇胆川贝液",
      "E": "消渴丸"
    },
    "analysis": "⿐炎康⽚含有的西药成分是马来酸氯苯那敏，珍菊降压⽚含有的西药成分是盐酸可乐定、氢氯噻嗪，消渴丸含有的西药成分是格列本脲，因此答案选ABE。",
    "answer": "ABE",
    "question_type": "多项选择题",
    "source": "2021年执业药师职业资格考试《药学综合知识与技能》"
  },
  {
    "question": "85. 根据《国家药品监督管理局职能配置、内设机构和⼈员编制规定》及其有关规定，负责执业药师管理信息系统的建设、管理和维护的是（）。",
    "option": {
      "A": "国家药品监督管理局⾼级研修学院",
      "B": "国家药品监督管理局执业药师资格认证中⼼",
      "C": "国家药典委员会",
      "D": "国家药品监督管理局信息中⼼",
      "E": ""
    },
    "analysis": "国家药品监督管理局执业药师资格认证中⼼的主要职责为：①开展执业药师资格准⼊制度及执业药师队伍发展战略研究，参与拟订完善执业药师资格准⼊标准并组织实施。②承担执业药师资格考试相关⼯作。组织开展执业药师资格考试命审题⼯作，编写考试⼤纲和考试指南。负责执业药师资格考试命审题专家库、考试题库的建设和管理。③组织制订执业药师认证注册⼯作标准和规范并监督实施。承担执业药师认证注册管理⼯作。④组织制订执业药师认证注册与继续教育衔接标准。拟订执业药师执业标准和业务规范，协助开展执业药师配备使⽤政策研究和相关执业监督⼯作。⑤承担全国执业药师管理信息系统的建设、管理和维护⼯作，收集报告相关信息。⑥指导地⽅执业药师资格认证相关⼯作。⑦开展执业药师资格认证国际（地区）交流与合作。⑧协助实施执业药师能⼒与学历提升⼯程。",
    "answer": "B",
    "question_type": "配伍选择题",
    "source": "2021年执业药师职业资格考试《药事管理与法规》"
  },
  {
    "question": "题干：为规范药品零售环节经营⾏为，某地药品监督管理部门对辖区内药品零售企业开展监督检查。检查发现： （1）甲药品零售企业涉嫌从⾮法渠道购进药品，部分批号的阿卡波糖⽚不能提供购进发票，且经追测码查询，供货单位系某医疗机构：涉嫌违规经营⽶⾮司酮⽚。 （2）⼄药品零售企业屡次绕开计算机系统销售过期的盐酸⼆甲双胍缓释⽚、⼆甲双胍格列本脲胶囊等药品：计算机系统中有多条超数量销售含⿇黄碱类复⽅制剂的销售记录，其中最多⼀次销售了50盒，企业留存了本次销售的处⽅。\n109. 针对⼄违规销售含⿇黄碱类复⽅制剂的⾏为，下列检查结论错误的是（）。",
    "option": {
      "A": "⼄的计算机系统未有效拦截含特殊药品复⽅制剂超数量销售",
      "B": "⼄配备的执业药师未严格履⾏处⽅审核职责",
      "C": "⼄涉嫌将含⿇黄碱类复⽅制剂流⼊⾮法渠道",
      "D": "⼄未对违规超量售出含⿇黄碱类复⽅制剂发起药品追回",
      "E": ""
    },
    "analysis": "⼄药品零售企业计算机系统中有多条超数量销售含⿇黄碱类复⽅制剂的销售记录，未有效拦截含特殊药品复⽅制剂超数量销售，且执业药师未严格按处⽅剂量销售，涉嫌将含⿇黄碱类复⽅制剂流⼊⾮法渠道。最多⼀次销售了50盒，超过正常医疗需求，⼤量购买含⿇黄碱类复⽅制剂的，应当⽴即向当地药品监督管理部门和公安机关报告。",
    "answer": "D",
    "question_type": "综合分析选择题",
    "source": "2021年执业药师职业资格考试《药事管理与法规》"
  },
  {
    "question": "题干：为规范药品零售环节经营⾏为，某地药品监督管理部门对辖区内药品零售企业开展监督检查。检查发现： （1）甲药品零售企业涉嫌从⾮法渠道购进药品，部分批号的阿卡波糖⽚不能提供购进发票，且经追测码查询，供货单位系某医疗机构：涉嫌违规经营⽶⾮司酮⽚。 （2）⼄药品零售企业屡次绕开计算机系统销售过期的盐酸⼆甲双胍缓释⽚、⼆甲双胍格列本脲胶囊等药品：计算机系统中有多条超数量销售含⿇黄碱类复⽅制剂的销售记录，其中最多⼀次销售了50盒，企业留存了本次销售的处⽅。\n107. 甲违规经营的⽶⾮司酮⽚，其药品种类是（）。",
    "option": {
      "A": "⽤于紧急避孕的⾮处⽅药",
      "B": "具有终⽌妊娠作⽤的药品",
      "C": "第⼆类精神药品",
      "D": "含兴奋剂药品",
      "E": ""
    },
    "analysis": "药品零售企业不得经营的药品：⿇醉药品、放射性药品、第⼀类精神药品、终⽌妊娠药品（包括含有“⽶⾮司酮”成分的所有药品制剂）、蛋⽩同化制剂、肽类激素（胰岛素除外）、药品类易制毒化学品、疫苗，以及我国法律法规规定的其他禁⽌零售的药品。药品零售企业也不得经营中药配⽅颗粒、医疗机构制剂。",
    "answer": "B",
    "question_type": "综合分析选择题",
    "source": "2021年执业药师职业资格考试《药事管理与法规》"
  },
  {
    "question": "59. 根据《中药品种保护条例》，对特定疾病有特殊疗效的中药属于（）。",
    "option": {
      "A": "四级保护品种",
      "B": "三级保护品种",
      "C": "⼀级保护品种",
      "D": "⼆级保护品种",
      "E": ""
    },
    "analysis": "⼀级保护品种：对特定疾病有特殊疗效，是指对某⼀疾病在治疗效果上取得重⼤突破性进展。",
    "answer": "C",
    "question_type": "配伍选择题",
    "source": "2021年执业药师职业资格考试《药事管理与法规》"
  },
  {
    "question": "66. 使⾎药浓度-时间曲线上出现双峰现象的原因通常是（）。",
    "option": {
      "A": "酶诱导作⽤",
      "B": "肾⼩球滤过",
      "C": "酶抑制作⽤",
      "D": "⾸关效应",
      "E": "肠-肝循环"
    },
    "analysis": "肠-肝循环是指随胆汁排⼊⼗⼆指肠的药物或其代谢物，在肠道中重新被吸收，经门静脉返回肝脏，重新进⼊⾎液循环的现象。⼀些药物会因肠-肝循环在⾎药浓度-时间曲线上出现第⼆个峰，即产⽣双峰现象。",
    "answer": "E",
    "question_type": "配伍选择题",
    "source": "2021年执业药师职业资格考试《药学专业知识（⼀）》"
  },
  {
    "question": "57. 根据《药品经营质量管理规范》及其有关附录⽂件，属于保温箱特有的验证项⽬是（）。",
    "option": {
      "A": "测点终端安装数量及位置确认",
      "B": "测点终端参数与数据联动传输确认",
      "C": "运输最长时限验证",
      "D": "极端温度保温性能验证",
      "E": ""
    },
    "analysis": "冷藏箱（保温箱）验证项⽬包括：箱内温度分布特性，蓄冷剂配备使⽤（蓄冷剂与保温箱采取摆列组合式捆绑验证），测点终端位置，开箱作业对箱内温度影响，极端温度保温性能，运输最长时限验证。",
    "answer": "C",
    "question_type": "配伍选择题",
    "source": "2021年执业药师职业资格考试《药事管理与法规》"
  },
  {
    "question": "95. 在药品处⽅中，常作为⽔不溶性包⾐材料的是（）。",
    "option": {
      "A": "羧甲基纤维素钠（CMC-Na）",
      "B": "羟丙基甲基纤维素（HPMC）",
      "C": "⼄基纤维素（EC）",
      "D": "甲基纤维素（MC）",
      "E": "羟丙基纤维素（HPC）"
    },
    "analysis": "⽔不溶型：系指在⽔中不溶解的⾼分⼦薄膜材料，主要有⼄基纤维素（EC）、醋酸纤维素等。",
    "answer": "C",
    "question_type": "配伍选择题",
    "source": "2021年执业药师职业资格考试《药学专业知识（⼀）》"
  },
  {
    "question": "7. 关于环磷酰胺（化学结构如下）结构特点和应⽤的说法，错误的是（）。",
    "option": {
      "A": "环磷酰胺属于前药",
      "B": "磷酰基的引⼊使毒性升⾼",
      "C": "正常细胞内可转化为⽆毒代谢产物",
      "D": "属于氮芥类药物",
      "E": "临床⽤于抗肿瘤"
    },
    "analysis": "环磷酰胺属于氮芥类的抗肿瘤药，环磷酰胺属于前药，在体外对肿瘤细胞⽆效，只有进⼊体内后，经过活化才能发挥作⽤。环磷酰胺在肝脏中被细胞⾊素P450氧化酶氧化⽣成4-羟基环磷酰胺，4-羟基环磷酰胺可经过进⼀步氧化代谢为⽆毒的4-酮基环磷酰胺；也可经过互变异构⽣成开环的醛基化合物。并在肝脏中进⼀步氧化⽣成⽆毒的羧酸化合物。因此答案选B。",
    "answer": "B",
    "question_type": "最佳选择题",
    "source": "2021年执业药师职业资格考试《药学专业知识（⼀）》"
  },
  {
    "question": "25. 下列符合化妆品管理要求的是（）。",
    "option": {
      "A": "特殊化妆品需经省级以上药品监督管理部门注册后⽅可⽣产、进⼜和经营",
      "B": "国产普通化妆品在上市销售后，向所在地省级药品监督管理部门备案",
      "C": "国家按照风险程度对化妆品、化妆品原料实⾏分类管理",
      "D": "已经注册的特殊化妆品在⽣产⼯艺、功效宣称等⽅⾯发⽣任何变化，注册⼈均应当向原注册部门申请变更注册",
      "E": ""
    },
    "analysis": "国家按照风险程度对化妆品、化妆品原料实⾏分类管理。化妆品分为特殊化妆品和普通化妆品。国家对特殊化妆品实⾏注册管理，对普通化妆品实⾏备案管理。⽤于染发、烫发、祛斑美⽩、防晒、防脱发的化妆品以及宣称新功效的化妆品为特殊化妆品。特殊化妆品以外的化妆品为普通化妆品。",
    "answer": "C",
    "question_type": "最佳选择题",
    "source": "2021年执业药师职业资格考试《药事管理与法规》"
  },
  {
    "question": "4. 抗哮喘药沙丁胺醇的化学结构式如下，其化学⾻架属于（）。",
    "option": {
      "A": "芳基丙酸类",
      "B": "芳氧丙醇胺类",
      "C": "⼆氢吡啶类",
      "D": "苯⼆氮卓类",
      "E": "苯⼄醇胺类"
    },
    "analysis": "沙丁胺醇是拟肾上腺素药，它的基本结构是β-苯⼄胺。",
    "answer": "E",
    "question_type": "最佳选择题",
    "source": "2021年执业药师职业资格考试《药学专业知识（⼀）》"
  },
  {
    "question": "58. 头孢曲松钠与乳酸钠林格注射液直接混合，可导致（）。",
    "option": {
      "A": "产⽣⽓体",
      "B": "溶液变⾊",
      "C": "微浑浊或沉淀",
      "D": "产⽣胶状不溶物",
      "E": "药物分解、降解速度加快"
    },
    "analysis": "⼤多数头孢菌素类属于弱酸强碱盐，葡萄糖注射液在制备中加⼊盐酸，两者可发⽣反应⽽产⽣游离的头孢菌素，若超过溶解度许可，会产⽣沉淀或浑浊，因此答案选C。",
    "answer": "C",
    "question_type": "配伍选择题",
    "source": "2021年执业药师职业资格考试《药学综合知识与技能》"
  },
  {
    "question": "65. 属于⼄酰胆碱酯酶抑制剂，⽤于改善脑功能及抗记忆障碍的药物是（）。",
    "option": {
      "A": "尼莫地平",
      "B": "吡拉西坦",
      "C": "依达拉奉",
      "D": "多奈哌齐",
      "E": "尼麦⾓林"
    },
    "analysis": "⼄酰胆碱酯酶抑制剂通过抑制胆碱酯酶活性，阻⽌⼄酰胆碱的⽔解，提⾼脑内⼄酰胆碱的含量，从⽽缓解因胆碱能神经功能缺陷所引起的记忆和认知功能障碍。代表药有⽯杉碱甲、多奈哌齐、利斯的明等。",
    "answer": "D",
    "question_type": "配伍选择题",
    "source": "2021年执业药师职业资格考试《药学专业知识（⼆）》"
  },
  {
    "question": "18. 某患者上呼吸道感染，⽤氨苄西林治疗⼀周，未见明显好转，后改⽤舒他西林，症状得到改善。关于舒他西林结构和临床使⽤的说法，错误的是（）。",
    "option": {
      "A": "为⼀种前体药物",
      "B": "给药后，在体内⾮特定酯酶的作⽤下⽔解成氨苄西林和舒巴坦",
      "C": "对β-内酰胺醇的稳定性强于氨苄西林",
      "D": "抗菌效果优于氨苄西林，原因是它在体内⽣成的两种药物都有较强的抗菌活性",
      "E": "可以⼜服，且⼜服后吸收迅速"
    },
    "analysis": "将氨苄西林与舒巴坦以1:1的形式以次甲基相连形成双酯结构的前体药物，称为舒他西林。舒他西林⼜服后可迅速吸收，在体内⾮特定酯酶的作⽤下⽔解成较⾼⾎清浓度的氨苄西林和舒巴坦。",
    "answer": "D",
    "question_type": "最佳选择题",
    "source": "2021年执业药师职业资格考试《药学专业知识（⼀）》"
  },
  {
    "question": "14. 属于长效β 肾上腺素受体激动剂，可⽤于哮喘长期维持治疗的药物是（）。2",
    "option": {
      "A": "噻托溴铵",
      "B": "特布他林",
      "C": "布地奈德",
      "D": "孟鲁司特",
      "E": "福莫特罗"
    },
    "analysis": "A项，噻托溴铵是M受体阻断剂；B项，特布他林是短效的β 受体激动剂；C项，布地奈德是吸⼊型肾上腺⽪质激素；D项，孟鲁司特是⽩三烯受体阻断剂；E项，福莫特罗是长效的β 受体激动剂。",
    "answer": "E",
    "question_type": "最佳选择题",
    "source": "2021年执业药师职业资格考试《药学专业知识（⼆）》"
  },
  {
    "question": "48. ⽤于治疗⼲眼症的药物是（）。",
    "option": {
      "A": "聚⼄⼆醇滴眼液",
      "B": "硫酸阿托品眼⽤凝胶",
      "C": "雷珠单抗注射液",
      "D": "⽑果芸⾹碱滴眼液",
      "E": "丙美卡因滴眼液"
    },
    "analysis": "聚⼄⼆醇滴眼液是⼲眼症⽤药眼液，属⾼分⼦聚合物，具有亲⽔性和成膜性，在适宜浓度下，能起⼈⼯泪液的作⽤。⽤于暂时缓解由于眼睛⼲涩引起的灼热和刺痛症状。",
    "answer": "A",
    "question_type": "配伍选择题",
    "source": "2021年执业药师职业资格考试《药学专业知识（⼆）》"
  },
  {
    "question": "33. 患者，⼥，28岁，因痤疮就诊，给予异维A酸胶囊。关于该患者⽤药教育的说法，错误的是（）。",
    "option": {
      "A": "治疗期间及停药后3个⽉内应做好避孕措施",
      "B": "治疗期间若发⽣⽪肤黏膜⼲燥，应减量或停药",
      "C": "不良反应常见，但停药后绝⼤多数可恢复",
      "D": "治疗最初2个⽉可能导致肝酶异常，必要时检查肝功能",
      "E": "部分患者⽤药2～4周时出现⼀过性⽪疹加重现象"
    },
    "analysis": "异维A酸不良反应常见，但停药后绝⼤多数可恢复，严重不良反应少见甚或罕见。最常见的不良反应是⽪肤黏膜⼲燥，建议配合⽪肤屏障修复剂使⽤；⼜唇⼲燥在⽪肤黏膜反应中最为常见，但这也是判定药物剂量的有效指标。较少见不良反应包括肌⾁-⾻骼疼痛、⾎脂升⾼、肝酶异常及眼睛⼲燥等，通常发⽣在治疗最初2个⽉，肥胖、⾎脂异常和肝病患者应慎⽤，必要时定期监测肝功能和⾎脂⽔平。异维A酸有明确的致畸作⽤，育龄期⼥性患者及其配偶应在治疗前1个⽉、治疗期间及治疗结束后3个⽉内严格避孕。哺乳期⼥性严禁使⽤异维A酸制剂。部分患者在使⽤2～4周时会出现⽪疹短期加重现象，通常为⼀过性，反应严重者需要减量甚⾄停药。ACDE四项均正确，因此答案选B。",
    "answer": "B",
    "question_type": "最佳选择题",
    "source": "2021年执业药师职业资格考试《药学综合知识与技能》"
  },
  {
    "question": "61. 属于维⽣素K拮抗剂的抗凝⾎药物是（）。",
    "option": {
      "A": "依诺肝素",
      "B": "氯吡格雷",
      "C": "华法林",
      "D": "利伐沙班",
      "E": "达⽐加群酯"
    },
    "analysis": "华法林是⾹⾖素类的药，属于维⽣素K拮抗剂。",
    "answer": "C",
    "question_type": "配伍选择题",
    "source": "2021年执业药师职业资格考试《药学专业知识（⼆）》"
  },
  {
    "question": "81. 在体外⽆活性，需要在体内⽔解开环发挥活性的药物是（）。",
    "option": {
      "A": "",
      "B": "",
      "C": "",
      "D": "",
      "E": ""
    },
    "analysis": "洛伐他汀是天然的他汀类药物，但由于分⼦中存在内酯结构，所以体外⽆HMG-CoA还原酶抑制作⽤，需进⼊体内后分⼦中的羟基内酯结构⽔解为3，5-⼆羟基戊酸才表现出活性。",
    "answer": "D",
    "question_type": "配伍选择题",
    "source": "2021年执业药师职业资格考试《药学专业知识（⼀）》"
  },
  {
    "question": "题干：患者，男，58岁，有⾼⾎压、冠⼼病、⾼脂⾎症、便秘、⾻关节炎和胃溃疡病史，2年前接受冠脉⽀架植⼊术。近⽇，患者先后在⼼内科、消化科、⾻科就诊，开具药品如下：\n98. 关于该患者药物治疗⽅案的说法，错误的是（）。",
    "option": {
      "A": "美托洛尔会影响阿司匹林的抗⾎⼩板活性，应停⽤",
      "B": "阿托伐他汀钙⽤于冠⼼病的治疗，需长期规律⽤药",
      "C": "如⼤便次数规律（如每⽇1次），聚⼄⼆醇4000散可按需使⽤",
      "D": "同时使⽤双氯芬酸钠与阿司匹林会增加消化道出⾎风险，两药不宜合⽤",
      "E": "麝⾹保⼼丸和复⽅丹参⽚均属活⾎剂，选⽤其中⼀种即可"
    },
    "analysis": "美托洛尔是β受体阻断剂，阿司匹林与β受体阻断剂合⽤，由于前列腺素的⾎管舒张作⽤被抑制，美托洛尔的抗⾼⾎压作⽤会降低。因此答案选A。",
    "answer": "A",
    "question_type": "综合分析选择题",
    "source": "2021年执业药师职业资格考试《药学综合知识与技能》"
  },
  {
    "question": "题干：甲是药品零售连锁企业所属门店，经营类别：处⽅药、甲类⾮处⽅药、⼄类⾮处⽅药，经营范围：第⼆类精神药品、⽣物制品、化学药、中成药、中药饮⽚。 ⼄是药品零售企业，经营类别：处⽅药、甲类⾮处⽅药、⼄类⾮处⽅药，经营范围：⽣物制品、化学药、中成药。 丙是药品零售企业，经营类别：⼄类⾮处⽅药，经营范围：⽣物制品、化学药、中成药。\n104. 根据处⽅药与⾮处⽅药分类管理规定，结合题⽬提供的信息，下列做法正确的是（）。",
    "option": {
      "A": "甲在经营场所内开架销售中药饮⽚百合、枸杞⼦",
      "B": "甲营业期间，⼀⽼⼈⾝体不适欲购买处⽅药速效救⼼丸，经询问发现⽼⼈有冠⼼病史，执业药师在没有处⽅的情况下，依然向其销售了该处⽅药，并建议其⽴即就诊",
      "C": "⼄建⽴处⽅药销售的处⽅管理制度，要求对售出的处⽅药处⽅进⾏抄录，处⽅原件返还消费者",
      "D": "⼄的执业药师在凭处⽅向个⼈消费者销售处⽅药时，结合其表状的疾病症状，告知其该处⽅药与另⼀处⽅药联合购买可以享受优惠",
      "E": ""
    },
    "analysis": "B项，药品零售企业销售处⽅药应当按照国家处⽅药与⾮处⽅药分类管理有关规定，凭处⽅销售处⽅药，处⽅保留不少于5年。AD两项，药品零售企业不得采⽤开架⾃选的⽅式销售处⽅药，也不得采⽤“捆绑搭售”“买商品赠药品”“买N赠1”“满N减1”“满N元减x元”等⽅式直接或变相赠送销售处⽅药、甲类⾮处⽅药（包括通过⽹络销售的渠道）。C项，处⽅应当经执业药师审核，调配处⽅应当经过核对，对处⽅所列药品不得擅⾃更改或代⽤。处⽅由调剂处⽅药品的医疗机构妥善保存。",
    "answer": "A",
    "question_type": "综合分析选择题",
    "source": "2021年执业药师职业资格考试《药事管理与法规》"
  },
  {
    "question": "99. 可被肝药酶CYP2C9和CYP3A4代谢，代谢产物仍具降压活性的ARB类药物是（）。",
    "option": {
      "A": "福⾟普利",
      "B": "缬沙坦",
      "C": "厄贝沙坦",
      "D": "氯沙坦",
      "E": "卡托普利"
    },
    "analysis": "氯沙坦可被肝药酶CYP2C9和CYP3A4代谢，在体内约14%的氯沙坦上的羟甲基可被肝脏氧化代谢为甲酸类的衍⽣物。它是⼀个⾮竞争性的AT 受体的拮抗剂，其活性是氯沙坦的10～40倍。",
    "answer": "D",
    "question_type": "配伍选择题",
    "source": "2021年执业药师职业资格考试《药学专业知识（⼆）》"
  },
  {
    "question": "87. 作⽤于⼆肽基肽酶4（DPP-4），为嘧啶⼆酮衍⽣物，适⽤于治疗2型糖尿病的药物是（）。",
    "option": {
      "A": "阿格列汀",
      "B": "罗格列酮",
      "C": "达格列净",
      "D": "格列吡嗪",
      "E": "那格列奈"
    },
    "analysis": "阿格列汀是嘧啶⼆酮的衍⽣物，⼀⽇给药1次，适⽤于治疗2型糖尿病。",
    "answer": "A",
    "question_type": "配伍选择题",
    "source": "2021年执业药师职业资格考试《药学专业知识（⼀）》"
  },
  {
    "question": "52. 属于⿇醉药品的是（）。",
    "option": {
      "A": "氨酚待因⽚",
      "B": "氨酚氢可酮⽚",
      "C": "氢可酮",
      "D": "氯胺酮",
      "E": ""
    },
    "analysis": "⿇醉药品包括：可卡因、罂粟浓缩物（包括罂粟果提取物、罂粟果提取物粉）。⼆氢埃托啡、地芬诺酯、芬太尼、氢可酮、氢吗啡酮、美沙酮、吗啡（包括吗啡阿托品注射液）、阿⽚（包括复⽅樟脑酊、阿桔⽚）、羟考酮、哌替啶、瑞芬太尼、舒芬太尼、蒂巴因、可待因、右丙氧芬、双氢可待因、⼄基吗啡、福尔可定、布桂嗪、罂粟壳。",
    "answer": "C",
    "question_type": "配伍选择题",
    "source": "2021年执业药师职业资格考试《药事管理与法规》"
  },
  {
    "question": "20. 关于⽹络销售药品管理的说法，错误的是（）。",
    "option": {
      "A": "药品零售企业不得通过⽹络销售含⿇黄碱类复⽅制剂等国家有专门管理要求的药品",
      "B": "药品⽹络销售者，应当对配送药品的质量安全负责，保障药品储存、运输过程符合《药品经营质量管理规范》的相关要求",
      "C": "药品⽹络交易第三⽅平台提供者，应当依法对申请⼊驻经营的药品上市许可持有⼈、药品经营企业的有关资质等进⾏审核，保证其符合法定要求，并对发⽣在平台上的药品经营⾏为进⾏管理",
      "D": "特殊情形下，第⼆类精神药品、毒性中药饮⽚、蛋⽩同化制剂和肽类激素等药品可以通过⽹络交易",
      "E": ""
    },
    "analysis": "D项，疫苗、⾎液制品、⿇醉药品、精神药品、医疗⽤毒性药品、放射性药品、药品类易制毒化学品等国家实⾏特殊管理的药品不得在⽹上销售。",
    "answer": "D",
    "question_type": "最佳选择题",
    "source": "2021年执业药师职业资格考试《药事管理与法规》"
  },
  {
    "question": "28. 不属于阿昔洛韦适应证的是（）。",
    "option": {
      "A": "单纯疱疹",
      "B": "带状疱疹",
      "C": "免疫缺陷者⽔痘",
      "D": "病毒性急性视⽹膜坏死",
      "E": "⼄型流感"
    },
    "analysis": "阿昔洛韦适应证有：①单纯疱疹病毒感染：⽤于免疫缺陷者初发和复发性黏膜⽪肤感染的治疗以及反复发作病例的预防；也⽤于单纯疱疹性脑炎治疗。②带状疱疹：⽤于免疫缺陷者严重带状疱疹患者或免疫功能正常者弥散型带状疱疹的治疗。③免疫缺陷者⽔痘的治疗。④急性视⽹膜坏死的治疗。",
    "answer": "E",
    "question_type": "最佳选择题",
    "source": "2021年执业药师职业资格考试《药学专业知识（⼆）》"
  },
  {
    "question": "67. 根据《处⽅管理办法》，为门诊⼀般患者开具头孢克洛缓释⽚，每张处⽅（）。",
    "option": {
      "A": "不得超过15⽇常⽤量",
      "B": "不得超过7⽇常⽤量",
      "C": "为⼀次常⽤量",
      "D": "不得超过3⽇常⽤量",
      "E": ""
    },
    "analysis": "处⽅⼀般不得超过7⽇⽤量；急诊处⽅⼀般不得超过3⽇⽤量；对于某些慢性病、⽼年病或特殊情况，处⽅⽤量可适当延长，但医师应当注明理由。⿇醉药品、精神药品、医疗⽤毒性药品、放射性药品的处⽅⽤量应当严格按照国家有关规定执⾏。",
    "answer": "B",
    "question_type": "配伍选择题",
    "source": "2021年执业药师职业资格考试《药事管理与法规》"
  },
  {
    "question": "72. 深静脉⾎栓的溶栓治疗，宜选⽤的药物是（）。",
    "option": {
      "A": "达⽐加群酯",
      "B": "氯吡格雷",
      "C": "尿激酶",
      "D": "依诺肝素钠",
      "E": "华法林"
    },
    "analysis": "尿激酶是最常⽤的溶栓药，对急性期DVT的治疗具有起效快、效果好、过敏反应少的特点。",
    "answer": "C",
    "question_type": "配伍选择题",
    "source": "2021年执业药师职业资格考试《药学综合知识与技能》"
  },
  {
    "question": "113. 关于胃⾷管反流病患者应⽤含铝抗酸药⽤药教育的说法，正确的有（）。",
    "option": {
      "A": "长期服⽤可能会引起低磷⾎症",
      "B": "易引起腹泻",
      "C": "可快速缓解症状，对溃疡愈合⼏乎⽆作⽤",
      "D": "可增加⼼⾎管事件发⽣风险",
      "E": "与其他药物合⽤，通常要间隔2⼩时"
    },
    "analysis": "A项，铝制剂⼤量服⽤可导致肠梗阻，长期服⽤能引起低磷⾎症，罕见⾻软化。B项，抗酸药中铝制剂可引起便秘，⽽镁制剂有缓泻作⽤，⼆者合⽤可抵消各⾃的副作⽤。C项，抗酸药可中和胃酸，常⽤药物是含有铝、镁等的碱性盐类及其复合制剂，可⽤于快速缓解症状，对RE的愈合⼏乎⽆作⽤，适⽤于治疗轻度胃⾷管反流病，通常与其他抑酸治疗⽅法同时应⽤。D项，含铝抗酸药不会增加⼼⾎管事件发⽣风险。E项，在服⽤其他药物前或后2⼩时再服抗酸药可避免⼤部分的药物相互作⽤。因此答案选ACE。",
    "answer": "ACE",
    "question_type": "多项选择题",
    "source": "2021年执业药师职业资格考试《药学综合知识与技能》"
  },
  {
    "question": "84. 根据《国家药品监督管理局职能配置、内设机构和⼈员编制规定》及其有关规定，负责组织开展执业药师考前培训、继续教育的是（）。",
    "option": {
      "A": "国家药品监督管理局⾼级研修学院",
      "B": "国家药品监督管理局执业药师资格认证中⼼",
      "C": "国家药典委员会",
      "D": "国家药品监督管理局信息中⼼",
      "E": ""
    },
    "analysis": "国家药品监督管理局⾼级研修学院的主要职责为：①实施公务⼈员⾼级研修，承担监管政策理论研究及⼈才队伍发展战略研究。②承担职业化药品检查员教育培训⼯作。③承担药品监管系统教育培训研究、课题开发和培训教学实施。④组织开展执业药师考前培训、继续教育、师资培训及相关⼯作。⑤开展药品安全专业技术⼈员培训⼯作。⑥负责药品安全关键岗位从业⼈员（⼯种）技能鉴定相关⼯作。⑦拟定药品监管教育培训相关学科、课程和教材体系建设规划并组织实施。",
    "answer": "A",
    "question_type": "配伍选择题",
    "source": "2021年执业药师职业资格考试《药事管理与法规》"
  },
  {
    "question": "95520. 原形⽆效，需经代谢后产⽣活性的药物是（）。",
    "option": {
      "A": "甲苯磺丁脲",
      "B": "管萘洛尔",
      "C": "氯吡格雷",
      "D": "地西泮",
      "E": "丙⽶嗪"
    },
    "analysis": "氯吡格雷体外⽆活性，为前药。⼜服后经CYP450酶系转化，再经⽔解形成噻吩环开环的活性代谢物",
    "answer": "C",
    "question_type": "最佳选择题",
    "source": "2021年执业药师职业资格考试《药学专业知识（⼀）》"
  },
  {
    "question": "50. 患者，男，35岁，近⽇出现⾜趾间⽪肤瘙痒、⽔泡样⽪疹，宜选⽤的药物是（）。",
    "option": {
      "A": "酮康唑乳膏",
      "B": "甲硝唑栓",
      "C": "雌三醇乳膏",
      "D": "硝酸咪康唑栓",
      "E": "氯康唑胶囊"
    },
    "analysis": "本题描述可知，患者属于⽔疱型⾜癣，可⽤咪唑类抗菌药治疗，包括克霉唑、酮康唑等，因此答案选A。",
    "answer": "A",
    "question_type": "配伍选择题",
    "source": "2021年执业药师职业资格考试《药学综合知识与技能》"
  },
  {
    "question": "2118. 患者，⼥，65岁。诊断为⾻质疏松症，给予鲑降钙素注射液治疗，⽤药期间需注意的事项有（）。",
    "option": {
      "A": "应当注意有⽆⽪下和⽛龈出⾎",
      "B": "必须补充⾜量的钙剂和维⽣素D",
      "C": "对蛋⽩质过敏者，使⽤前需做⽪肤敏感试验",
      "D": "可能出现低⾎糖反应",
      "E": "常出现⾯部潮红的不良反应"
    },
    "analysis": "降钙素的使⽤：对蛋⽩质过敏者可能对降钙素过敏，应⽤前宜作⽪肤敏感试验。⾻质疏松治疗时，宜同时补钙和维⽣素D。降钙素的不良反应有⾯部及⼿部潮红；偶见⾯部发热感、胸部压迫感、⼼悸、视物模糊、咽喉部薄荷样爽快感、低钠⾎症、全⾝乏⼒、肢端⿇⽊、⼿⾜搐搦、尿频、浮肿、哮喘发作。",
    "answer": "BCE",
    "question_type": "多项选择题",
    "source": "2021年执业药师职业资格考试《药学专业知识（⼆）》"
  },
  {
    "question": "36. 可⼲扰转录过程和阻⽌RNA合成的抗肿瘤药物是（）。",
    "option": {
      "A": "顺铂",
      "B": "塞替派",
      "C": "丝裂霉素",
      "D": "多柔⽐星",
      "E": "长春瑞滨"
    },
    "analysis": "A项，顺铂是破坏DNA的铂类化合物；B项，塞替派是破坏DNA的烷化剂；C项，丝裂霉素是破坏DNA的抗⽣素；D项，多柔⽐星是可⼲扰转录过程和阻⽌RNA合成的药物；E项，长春瑞滨是抑制蛋⽩质合成与功能的药物。",
    "answer": "D",
    "question_type": "最佳选择题",
    "source": "2021年执业药师职业资格考试《药学专业知识（⼆）》"
  },
  {
    "question": "40. 兼有抑菌作⽤的⿐⽤减充⾎剂是（）。",
    "option": {
      "A": "呋⿇滴⿐液",
      "B": "赛洛唑啉滴⿐液",
      "C": "羟甲唑啉⿐喷剂",
      "D": "⿇黄碱滴⿐液",
      "E": "左氧氟沙星滴⿐液"
    },
    "analysis": "呋⿇滴⿐液除了抑菌外，还可以使⿐黏膜⾎管收缩，缓解急、慢性⿐炎的⿐塞症状。",
    "answer": "A",
    "question_type": "最佳选择题",
    "source": "2021年执业药师职业资格考试《药学专业知识（⼆）》"
  },
  {
    "question": "56. 哺乳期妇⼥使⽤，可致男婴乳房增⼤的药物是（）。",
    "option": {
      "A": "复⽅炔诺酮",
      "B": "依那普利",
      "C": "胰岛素",
      "D": "复⽅磺胺甲唑",
      "E": "莫西沙星"
    },
    "analysis": "A项，复⽅炔诺酮属于避孕药，是激素类药物，哺乳期妇⼥使⽤复⽅炔诺酮，可使男婴乳房增⼤。B项，依那普利属于⾼⾎压药物，是⾎管紧张素转化酶抑制剂，哺乳期妇⼥使⽤依那普利对乳⼉肾脏有影响。C项，哺乳期妇⼥使⽤胰岛素对乳⼉安全⽆害。D项，复⽅磺胺甲唑是磺胺类药物，哺乳期妇⼥使⽤复⽅磺胺甲唑，可使新⽣⼉发⽣胆红素脑病。E项，莫西沙星是喹诺酮类药物，哺乳期妇⼥使⽤莫西沙星，对乳⼉⾻关节具有潜在危险。",
    "answer": "A",
    "question_type": "配伍选择题",
    "source": "2021年执业药师职业资格考试《药学综合知识与技能》"
  },
  {
    "question": "76. 氨氯地平的妊娠毒性分级是（）。",
    "option": {
      "A": "X级",
      "B": "A级",
      "C": "C级",
      "D": "D级",
      "E": "B级"
    },
    "analysis": "利巴韦林的妊娠毒性分级是X级；阿莫西林的妊娠毒性分级是B级；氨氯地平的妊娠毒性分级是C级。",
    "answer": "C",
    "question_type": "配伍选择题",
    "source": "2021年执业药师职业资格考试《药学综合知识与技能》"
  },
  {
    "question": "21. 关于疫苗流通管理的说法，错误的是（）。",
    "option": {
      "A": "疫苗上市许可持有⼈在销售疫苗时，应当提供加盖其印章的批签发证明复印件或者电⼦⽂件",
      "B": "疫苗上市许可持有⼈应当按照采购合同约定，向疾病防控制机构和接种单位直接供应疫苗",
      "C": "疫苗上市许可持有⼈应当按照规定，建⽴真实、准确完整的销售记录，并保存⾄疫苗有效期满后不少于五年备查",
      "D": "疾病预防控制机构、接种单位应当建⽴疫苗定期检查制度",
      "E": ""
    },
    "analysis": "B项，疫苗上市许可持有⼈应当按照采购合同约定，向疾病预防控制机构或者疾病预防控制机构指定的接种单位配送疫苗。A项，疫苗上市许可持有⼈在销售疫苗时，应当提供加盖其印章的批签发证明复印件或者电⼦⽂件。C项，疫苗上市许可持有⼈应当按照规定，建⽴真实、准确、完整的销售记录，并保存⾄疫苗有效期满后不少于五年备查。D项，疾病预防控制机构、接种单位应当建⽴疫苗定期检查制度，对存在包装⽆法识别、储存温度不符合要求、超过有效期等问题的疫苗，采取隔离存放、设置警⽰标志等措施，并按照国务院药品监督管理部门、卫⽣健康主管部门、⽣态环境主管部门的规定处置。",
    "answer": "B",
    "question_type": "最佳选择题",
    "source": "2021年执业药师职业资格考试《药事管理与法规》"
  },
  {
    "question": "题干：秦某是⼀所中医药⼤学中医学专业硕⼠毕业⽣，已获得硕⼠学位，在校期间学过中药材知识和栽培技术，具有中药材辨识能⼒。临近毕业时，准备参加执业药师职业资格考试，但因专业⼯作年限不符合报名条件，未能参加考试。 秦某的⽼家在边远⼭区，交通不便，为解决家乡群众看病难题，毕业后主动返乡当村医。平时除给乡邻治病之外，还在⾃家地⾥种植地产中药材。\n95. 根据《中医药法》，关于秦某种植地产中药材的说法，正确的是（）。",
    "option": {
      "A": "销售给当地的中药饮⽚⽣产企业",
      "B": "将⾃产中药材加⼯成中药制剂⽅便村民使⽤",
      "C": "在其开设的诊所中煎汤药给村民治病",
      "D": "种植仅供⾃⽤的医疗⽤毒性中药材",
      "E": ""
    },
    "analysis": "根据当地实际⼯作需要，乡村中医药技术⼈员⾃种⾃采⾃⽤的中草药，只限于其所在的村医疗机构内使⽤，不得上市流通，不得加⼯成中药制剂。",
    "answer": "C",
    "question_type": "综合分析选择题",
    "source": "2021年执业药师职业资格考试《药事管理与法规》"
  },
  {
    "question": "30. 关于⽣物等效性研究的实施与样品采集的说法，正确的是（）。",
    "option": {
      "A": "通常采⽤受试制剂和参⽐制剂的单个最低规格制剂进⾏试验",
      "B": "从0时到最后⼀个样品采集时间t的曲线下⾯积与时间从0到⽆穷⼤的AUC之⽐通常应当达于70%",
      "C": "整个采样时间不少于3个末端消除半衰期",
      "D": "受试制剂与参⽐制剂药物含量的差值应⼩于2%",
      "E": "⼀般情况下，受试者试验前⾄少空腹8⼩时"
    },
    "analysis": "通常最⾼规格的制剂可以⼀个单位（单⽚或单粒）服⽤，受试制剂与参⽐制剂药物含量的差值⼩于5%。试验机构应对试验制剂及参⽐制剂按相关要求留样。⼀般建议每位受试者每个试验周期采集12～18个样品，其中包括给药前的样品。采样时间不短于3个末端消除半衰期。⼀般情况下，受试者试验前⾄少空腹10⼩时。",
    "answer": "C",
    "question_type": "最佳选择题",
    "source": "2021年执业药师职业资格考试《药学专业知识（⼀）》"
  },
  {
    "question": "题干：患者，男，53岁，季节性过敏性⿐炎病史5年，3天前，受凉后出现流涕、⿐塞、咳嗽，咳痰，低热，头痛，⽆胸闷、⽓短等其他不适，已在医院发热门诊完成了⿐拭⼦检查，排除了甲型流感和⼄型流感，诊断为普通感冒。\n107. 为缓解该患者的感冒症状，不宜选⽤的药物是（）。",
    "option": {
      "A": "含伪⿇黄碱的复⽅抗感冒药",
      "B": "神经氨酸酶抑制剂",
      "C": "⿐⽤减充⾎剂",
      "D": "解热镇痛药",
      "E": "祛痰剂"
    },
    "analysis": "神经氨酸酶抑制剂是抗病毒药，不能⽤于为缓解的普通感冒症状，因此答案选B。",
    "answer": "B",
    "question_type": "综合分析选择题",
    "source": "2021年执业药师职业资格考试《药学综合知识与技能》"
  },
  {
    "question": "119. 属于碳青霉烯类的抗菌药物有（）。",
    "option": {
      "A": "亚胺培南",
      "B": "氨曲南",
      "C": "美罗培南",
      "D": "厄他培南",
      "E": "⽐阿培南"
    },
    "analysis": "ACDE四项，亚胺培南、美罗培南、厄他培南和⽐阿培南是碳青霉烯类抗菌药物；B项，氨曲南是氨基糖苷类药物。",
    "answer": "ACDE",
    "question_type": "多项选择题",
    "source": "2021年执业药师职业资格考试《药学专业知识（⼆）》"
  },
  {
    "question": "52. 若⽆禁忌证，治疗2型糖尿病⾸选的⼜服降糖药物（）。",
    "option": {
      "A": "沙格列汀",
      "B": "达格列净",
      "C": "吡格列酮",
      "D": "⼆甲双胍",
      "E": "瑞格列奈"
    },
    "analysis": "⼆甲双胍⾸选⽤于治疗单纯饮⾷控制及体育锻炼治疗⽆效的2型糖尿病。",
    "answer": "D",
    "question_type": "配伍选择题",
    "source": "2021年执业药师职业资格考试《药学专业知识（⼆）》"
  },
  {
    "question": "题干：患者，男，69岁，BMI 27.8kg/m ，既往有⾻性关节炎病史。近期爬⼭后，再次出现膝关节疼痛，患者热敷后疼痛未缓解，前来咨询如何选⽤“⽌痛药”。\n103. 如服⽤所选⽌痛药，需关注的不良反应是（）。",
    "option": {
      "A": "便秘",
      "B": "肾损害",
      "C": "⼜⼲",
      "D": "共济失调",
      "E": "剥脱性⽪炎"
    },
    "analysis": "双氯芬酸钠的不良反应有消化道反应，肾损害及⾼⾎压，因此答案选B。",
    "answer": "B",
    "question_type": "综合分析选择题",
    "source": "2021年执业药师职业资格考试《药学综合知识与技能》"
  },
  {
    "question": "88. 属于胰岛素增敏剂，具有噻唑烷⼆酮结构，通于治疗2型糖尿病的药物（）。",
    "option": {
      "A": "阿格列汀",
      "B": "罗格列酮",
      "C": "达格列净",
      "D": "格列吡嗪",
      "E": "那格列奈"
    },
    "analysis": "罗格列酮属于胰岛素增敏剂，具有噻唑烷⼆酮结构，通于治疗2型糖尿病。",
    "answer": "B",
    "question_type": "配伍选择题",
    "source": "2021年执业药师职业资格考试《药学专业知识（⼀）》"
  },
  {
    "question": "56. 根据《药品经营质量管理规范》及其有关附录⽂件，属于温湿度⾃动监测系统特有的验证项⽬是（）。",
    "option": {
      "A": "测点终端安装数量及位置确认",
      "B": "测点终端参数与数据联动传输确认",
      "C": "运输最长时限验证",
      "D": "极端温度保温性能验证",
      "E": ""
    },
    "analysis": "温湿度⾃动监测系统验证的项⽬⾄少包括：①采集、传送、记录数据以及报警功能的确认；②监测设备的测量范围和准确度确认；③测点终端安装数量及位置确认；④监测系统与温度调控设施⽆联动状态的独⽴安全运⾏性能确认；⑤系统在断电、计算机关机状态下的应急性能确认；⑥防⽌⽤户修改、删除、反向导⼊数据等功能确认。",
    "answer": "A",
    "question_type": "配伍选择题",
    "source": "2021年执业药师职业资格考试《药事管理与法规》"
  },
  {
    "question": "54. 长期应⽤⼴谱抗⽣素造成⼆重感染的不良反应属于（）。",
    "option": {
      "A": "特异质反应",
      "B": "停药反应",
      "C": "后遗效应",
      "D": "毒性反应",
      "E": "继发反应"
    },
    "analysis": "继发反应：发于药物治疗作⽤之后的不良反应，是治疗剂量下治疗作⽤本⾝带来的间接结果。例如，长期应⽤⼴谱抗⽣素，使敏感细菌被杀灭，⽽⾮敏感菌（如厌氧菌、真菌）⼤量繁殖，造成⼆重感染。",
    "answer": "E",
    "question_type": "配伍选择题",
    "source": "2021年执业药师职业资格考试《药学专业知识（⼀）》"
  },
  {
    "question": "74. 属于酪氨酸激酶抑制剂的抗肿瘤药物是（）。",
    "option": {
      "A": "来曲唑",
      "B": "环磷酰胺",
      "C": "厄洛替尼",
      "D": "长春新碱",
      "E": "多柔⽐星"
    },
    "analysis": "厄洛替尼是表⽪⽣长因⼦受体（EGFR）酪氨酸激酶抑制剂，为竞争性抑制EGFR酪氨酸激酶活性，起到抑制肿瘤细胞增殖的作⽤。",
    "answer": "C",
    "question_type": "配伍选择题",
    "source": "2021年执业药师职业资格考试《药学专业知识（⼆）》"
  },
  {
    "question": "89. 患者，⼥，65岁。诊断为社区获得性肺炎，伴肾功能不全，肌酐清除率25mL/min，宜选⽤的⽆需根据肾功能调整剂量的抗菌药物是（）。",
    "option": {
      "A": "头孢曲松",
      "B": "头孢唑林",
      "C": "头孢噻肟",
      "D": "头孢他啶",
      "E": "头孢吡肟"
    },
    "analysis": "肾功能不全患者肌酐清除率≥5mL/min，⼀⽇应⽤头孢曲松的剂量少于2g时，不需作剂量调整。",
    "answer": "A",
    "question_type": "配伍选择题",
    "source": "2021年执业药师职业资格考试《药学专业知识（⼆）》"
  },
  {
    "question": "50. ⽤于验光配镜屈光度检查前散瞳的药物是（）。",
    "option": {
      "A": "聚⼄⼆醇滴眼液",
      "B": "硫酸阿托品眼⽤凝胶",
      "C": "雷珠单抗注射液",
      "D": "⽑果芸⾹碱滴眼液",
      "E": "丙美卡因滴眼液"
    },
    "analysis": "硫酸阿托品眼⽤凝胶是散瞳药，⽤于虹膜睫状体炎、检查眼底前的散瞳、验光配镜屈光度检查前的散瞳。",
    "answer": "B",
    "question_type": "配伍选择题",
    "source": "2021年执业药师职业资格考试《药学专业知识（⼆）》"
  },
  {
    "question": "14. 根据下列部门的主要职责、内设机构和⼈员编制规定，负责提出国家基本药物价格政策建议的部门是（）。",
    "option": {
      "A": "国家医疗保障局",
      "B": "国家卫⽣健康委员会",
      "C": "国家发展和改⾰委员会",
      "D": "国家市场监督管理总局",
      "E": ""
    },
    "analysis": "卫⽣健康主管部门负责组织拟订国民健康政策，拟订卫⽣健康事业发展法律法规草案、政策、规划，制定部门规章和标准并组织实施。协调推进深化医药卫⽣体制改⾰，组织深化公⽴医院综合改⾰，健全现代医院管理制度，提出医疗服务和药品价格政策的建议。组织制定国家药物政策和国家基本药物制度，开展药品使⽤监测、临床综合评价和短缺药品预警，提出国家基本药物价格政策的建议。",
    "answer": "B",
    "question_type": "最佳选择题",
    "source": "2021年执业药师职业资格考试《药事管理与法规》"
  },
  {
    "question": "72. 多数脂溶性⼩分⼦类药物的吸收机制是（）。",
    "option": {
      "A": "膜孔滤过",
      "B": "简单扩散",
      "C": "膜动转运",
      "D": "易化扩散",
      "E": "主动转运"
    },
    "analysis": "简单扩散：⽣物膜为类脂双分⼦层，脂溶性药物可以溶于脂质膜中，容易穿过细胞膜。",
    "answer": "B",
    "question_type": "配伍选择题",
    "source": "2021年执业药师职业资格考试《药学专业知识（⼀）》"
  },
  {
    "question": "48. 患者，男，54岁，因痛风服⽤⾮布司他，为增强降尿酸效果，可同时使⽤的药物是（）。",
    "option": {
      "A": "阿托伐他汀",
      "B": "甲巯咪唑",
      "C": "丙硫氧嘧啶",
      "D": "氢氯噻嗪",
      "E": "碳酸氢钠"
    },
    "analysis": "碳酸氢钠是⼀种抗酸剂，⼜服后可迅速中和胃酸，解除胃酸过多或烧⼼症状。此外，它也有⼀定的碱化尿液的效果。所以，临床上往往将碳酸氢钠结合⾮布司他等抑制尿酸⽣成的药物合⽤，碱化尿液，提⾼降尿酸的效果。",
    "answer": "E",
    "question_type": "配伍选择题",
    "source": "2021年执业药师职业资格考试《药学综合知识与技能》"
  }
]